company,fiscal_year,revenue_zar_m,ebitda_zar_m,net_profit_loss_zar_m,subscribers_m,revenue_growth_pct,ebitda_margin_pct,net_profit_margin_pct,revenue_per_subscriber,revenue_risk,profit_risk,margin_risk,revenue_per_subscriber_growth_pct,subscriber_value_risk,total_risk_score,risk_category,risk_rank
Cell C,2015,,,,,,,,,0,0,0,,0,0,Low Risk,1
Cell C,2016,14646.0,3106.0,541.0,15.3,,21.21,3.69,957.25,0,0,0,,0,0,Low Risk,1
Cell C,2017,15715.0,7793.0,4114.0,16.3,7.3,49.59,26.18,964.11,0,0,0,0.7166361974405788,0,0,Low Risk,1
Cell C,2018,,,,,,,,,0,0,0,,0,0,Low Risk,1
Cell C,2019,15100.0,3200.0,,,,21.19,,,0,0,0,,0,0,Low Risk,1
Cell C,2020,13830.0,4100.0,,12.5,-8.41,29.65,,1106.4,1,0,0,,0,1,Low Risk,2
Cell C,2021,,,,,,,,,0,0,0,,0,0,Low Risk,1
Cell C,2022,,-829.0,3940.0,,,,,,0,0,0,,0,0,Low Risk,1
Cell C,2023,,-159.0,-553.0,,,,,,0,0,0,,0,0,Low Risk,1
Cell C,2024,10745.0,2080.0,9.0,8.5,,19.36,0.08,1264.12,0,0,1,,0,1,Low Risk,2
Cell C,2025,11138.0,2089.0,279.0,7.7,3.66,18.76,2.5,1446.49,0,0,1,14.426636711704589,0,1,Low Risk,2
MTN,2015,146353.0,59918.0,20204.0,232.5,,40.94,13.8,629.48,0,0,0,,0,0,Low Risk,1
MTN,2016,146894.0,51981.0,-2614.0,240.4,0.37,35.39,-1.78,611.04,0,2,0,-2.9294020461333226,1,3,Medium Risk,4
MTN,2017,132815.0,46955.0,4414.0,217.2,-9.58,35.35,3.32,611.49,1,0,0,0.07364493322861154,0,1,Low Risk,2
MTN,2018,134560.0,48246.0,8719.0,233.0,1.31,35.85,6.48,577.51,0,0,0,-5.556918346988504,1,1,Low Risk,2
MTN,2019,151460.0,64092.0,8963.0,251.0,12.56,42.32,5.92,603.43,0,0,0,4.488233969974531,0,0,Low Risk,1
MTN,2020,179361.0,81311.0,17022.0,279.6,18.42,45.33,9.49,641.49,0,0,0,6.307276734666822,0,0,Low Risk,1
MTN,2021,181646.0,79751.0,13750.0,272.0,1.27,43.9,7.57,667.82,0,0,0,4.1045066953498965,0,0,Low Risk,1
MTN,2022,207003.0,89838.0,19037.0,289.1,13.96,43.4,9.2,716.03,0,0,0,7.2190111107783395,0,0,Low Risk,1
MTN,2023,221056.0,88780.0,4092.0,294.8,6.79,40.16,1.85,749.85,0,0,0,4.723265784953146,0,0,Low Risk,1
MTN,2024,188001.0,70100.0,-9369.0,291.0,-14.95,37.29,-4.98,646.05,1,2,0,-13.84276855371075,1,4,High Risk,4
MTN,2025,226707.0,98530.0,20262.0,307.2,20.59,43.46,8.94,737.98,0,0,0,14.229548796532775,0,0,Low Risk,1
Telkom,2015,31675.0,8978.0,2889.0,2.19,,28.34,9.12,14463.47,0,0,0,,0,0,Low Risk,1
Telkom,2016,37325.0,10954.0,2246.0,2.71,17.84,29.35,6.02,13773.06,0,0,0,-4.77347413864031,1,1,Low Risk,3
Telkom,2017,40970.0,10941.0,3797.0,4.0,9.77,26.7,9.27,10242.5,0,0,0,-25.633809770668247,1,1,Low Risk,2
Telkom,2018,41018.0,10544.0,3052.0,5.21,0.12,25.71,7.44,7872.94,0,0,0,-23.13458628264584,1,1,Low Risk,2
Telkom,2019,41774.0,11309.0,2795.0,9.68,1.84,27.07,6.69,4315.5,0,0,0,-45.18566126504203,1,1,Low Risk,3
Telkom,2020,43043.0,10720.0,535.0,12.0,3.04,24.91,1.24,3586.92,0,0,0,-16.882864094542928,1,1,Low Risk,2
Telkom,2021,43222.0,11973.0,2422.0,15.33,0.42,27.7,5.6,2819.44,0,0,0,-21.396629977808256,1,1,Low Risk,4
Telkom,2022,42756.0,11908.0,2631.0,16.94,-1.08,27.85,6.15,2523.97,1,0,0,-10.479740657719272,1,2,Medium Risk,4
Telkom,2023,42534.0,9545.0,-9973.0,18.26,-0.52,22.44,-23.45,2329.35,1,2,0,-7.710868195739251,1,4,High Risk,4
Telkom,2024,43230.0,10041.0,1881.0,20.44,1.64,23.23,4.35,2114.97,0,0,0,-9.20342584841265,1,1,Low Risk,2
Telkom,2025,43880.0,11792.0,2783.0,23.18,1.5,26.87,6.34,1893.01,0,0,0,-10.494711508910282,1,1,Low Risk,2
Vodacom,2015,74500.0,26905.0,12672.0,61.65,,36.11,17.01,1208.43,0,0,0,,0,0,Low Risk,1
Vodacom,2016,80077.0,30345.0,12917.0,61.31,7.49,37.89,16.13,1306.1,0,0,0,8.082387891727262,0,0,Low Risk,1
Vodacom,2017,81278.0,31238.0,13418.0,66.79,1.5,38.43,16.51,1216.92,0,0,0,-6.827961105581492,1,1,Low Risk,2
Vodacom,2018,86370.0,32898.0,15344.0,103.4,6.26,38.09,17.77,835.3,0,0,0,-31.359497748414032,1,1,Low Risk,2
Vodacom,2019,86627.0,33714.0,14822.0,109.63,0.3,38.92,17.11,790.18,0,0,0,-5.4016521010415435,1,1,Low Risk,3
Vodacom,2020,90746.0,37610.0,15944.0,115.52,4.75,41.45,17.57,785.54,0,0,0,-0.5872079779290829,1,1,Low Risk,2
Vodacom,2021,98302.0,39299.0,16581.0,123.71,8.33,39.98,16.87,794.62,0,0,0,1.1558927616671433,0,0,Low Risk,1
Vodacom,2022,102736.0,39888.0,17163.0,129.62,4.51,38.83,16.71,792.59,0,0,0,-0.25546802245097755,1,1,Low Risk,3
Vodacom,2023,119170.0,45144.0,16767.0,185.8,16.0,37.88,14.07,641.39,0,0,0,-19.07669791443244,1,1,Low Risk,3
Vodacom,2024,150594.0,56116.0,16292.0,203.1,26.37,37.26,10.82,741.48,0,0,0,15.60517002135986,0,0,Low Risk,1
Vodacom,2025,152227.0,55511.0,16598.0,211.3,1.08,36.47,10.9,720.43,0,0,0,-2.838916761072463,1,1,Low Risk,2
